rank,pitcher,game,status,ip,k,h,er,bb,hr,bf,pitches,exp_k,delta_k,k_line_board,k_line_ticket,user_leg,user_result,matchup,stuff_plus,arsenal_vs_opp,spike,outlook,contact_grade,style,risk_flags,note
"<bound method NDFrame.rank of rank                                                                     3
pitcher                                                     Parker Messick
pitcher_id                                                          800048
pitcher_team                                                           CLE
pitch_hand                                                               L
                                               ...                        
k_rate_pct                                                           21.69
k_volume_bf                                                             24
expected_ks_rate_x_bf                                                5.205
k_volume_share_note      rate×BF 5.21 vs Exp 5.68 (order-walk + overlay...
book_model_note          No book K line — ask why the pitcher can reach...
Name: 2, Length: 179, dtype: object>",Parker Messick,CLE@DET,Final,5.2,6,3,2,2,1,23,102,5.68,0.32,,5.5,O5.5,HIT,avg,96.6,-1.24,True,,neutral,whiff,,
"<bound method NDFrame.rank of rank                                                                     2
pitcher                                                      Logan Gilbert
pitcher_id                                                          669302
pitcher_team                                                           SEA
pitch_hand                                                               R
                                               ...                        
k_rate_pct                                                           24.24
k_volume_bf                                                             24
expected_ks_rate_x_bf                                                5.817
k_volume_share_note      rate×BF 5.82 vs Exp 6.33 (order-walk + overlay...
book_model_note          Book 5.5 vs model 6.3 (edge +0.83). Mild disag...
Name: 1, Length: 179, dtype: object>",Logan Gilbert,SEA@NYY,In Progress,6.0,7,4,0,1,0,22,95,6.326,0.674,5.5,4.5,O4.5,HIT,elite,109.1,1.49,True,,whiff_prone,whiff,elev_hr,outing complete; game may still wrap
"<bound method NDFrame.rank of rank                                                                    18
pitcher                                                     Keider Montero
pitcher_id                                                          672456
pitcher_team                                                           DET
pitch_hand                                                               R
                                               ...                        
k_rate_pct                                                           15.72
k_volume_bf                                                             24
expected_ks_rate_x_bf                                                3.772
k_volume_share_note      rate×BF 3.77 vs Exp 3.06 (order-walk + overlay...
book_model_note          No book K line — ask why the pitcher can reach...
Name: 17, Length: 179, dtype: object>",Keider Montero,CLE@DET,Final,6.1,0,3,0,1,0,23,88,3.059,-3.059,,,,,soft,94.8,-1.47,False,UNDER_OK,contact_heavy,fly_popup,elev_xfip,
"<bound method NDFrame.rank of rank                                                                    16
pitcher                                                      Andrew Abbott
pitcher_id                                                          671096
pitcher_team                                                           CIN
pitch_hand                                                               L
                                               ...                        
k_rate_pct                                                           23.98
k_volume_bf                                                             20
expected_ks_rate_x_bf                                                4.795
k_volume_share_note      rate×BF 4.80 vs Exp 4.07 (order-walk + overlay...
book_model_note          No book K line — ask why the pitcher can reach...
Name: 15, Length: 179, dtype: object>",Andrew Abbott,CIN@CWS,Game Over,4.1,3,7,5,3,0,23,93,4.066,-1.066,,,,,strong,94.8,2.14,False,MATCHUP_OK,neutral,balanced,"high_bb,high_xfip,exit_xfip_bb",
"<bound method NDFrame.rank of rank                                                                    13
pitcher                                                       Davis Martin
pitcher_id                                                          663436
pitcher_team                                                           CWS
pitch_hand                                                               R
                                               ...                        
k_rate_pct                                                           24.33
k_volume_bf                                                             20
expected_ks_rate_x_bf                                                4.866
k_volume_share_note      rate×BF 4.87 vs Exp 4.42 (order-walk + overlay...
book_model_note          No book K line — ask why the pitcher can reach...
Name: 12, Length: 179, dtype: object>",Davis Martin,CIN@CWS,Game Over,2.0,3,2,3,1,2,11,35,4.42,-1.42,,,,,elite,90.1,-1.84,False,,whiff_prone,balanced,short_recent_ip,
"<bound method NDFrame.rank of rank                                                                     8
pitcher                                                   Braxton Ashcraft
pitcher_id                                                          677952
pitcher_team                                                           PIT
pitch_hand                                                               R
                                               ...                        
k_rate_pct                                                           21.16
k_volume_bf                                                             24
expected_ks_rate_x_bf                                                5.078
k_volume_share_note      rate×BF 5.08 vs Exp 4.98 (order-walk + overlay...
book_model_note          No book K line — ask why the pitcher can reach...
Name: 7, Length: 179, dtype: object>",Braxton Ashcraft,PIT@MIA,Final,9.0,10,3,1,1,1,28,85,4.98,5.02,,,,,avg,106.1,2.26,True,,contact_heavy,whiff,elev_hr,
"<bound method NDFrame.rank of rank                                                                     4
pitcher                                                     Tyler Phillips
pitcher_id                                                          663969
pitcher_team                                                           MIA
pitch_hand                                                               R
                                               ...                        
k_rate_pct                                                           22.94
k_volume_bf                                                             23
expected_ks_rate_x_bf                                                5.276
k_volume_share_note      rate×BF 5.28 vs Exp 5.42 (order-walk + overlay...
book_model_note          No book K line — ask why the pitcher can reach...
Name: 3, Length: 179, dtype: object>",Tyler Phillips,PIT@MIA,Final,5.1,6,6,4,1,1,23,92,5.419,0.581,,,,,strong,96.0,1.15,False,MATCHUP_OK,whiff_prone,balanced,"elev_bb,elev_xfip",
"<bound method NDFrame.rank of rank                                                                     5
pitcher                                                          Max Fried
pitcher_id                                                          608331
pitcher_team                                                           NYY
pitch_hand                                                               L
                                               ...                        
k_rate_pct                                                           23.38
k_volume_bf                                                             22
expected_ks_rate_x_bf                                                5.144
k_volume_share_note      rate×BF 5.14 vs Exp 5.40 (order-walk + overlay...
book_model_note          No book K line — ask why the pitcher can reach...
Name: 4, Length: 179, dtype: object>",Max Fried,SEA@NYY,In Progress,5.0,4,5,1,2,1,20,88,5.397,-1.397,,,,,strong,106.1,0.2,False,,neutral,balanced,,
