batter,batter_id,slot,bat_side,team,pitcher,pitcher_team,pitch_hand,game,game_time_ct,lineup_source,avg_vs_hand,avg_vs_hand_source,barrel_pct,hard_hit_pct,xwoba,xba,hits_score,hr_rbi_score,hits_thin_sample,expected_k_pct,rank
Eduardo Valencia,680664,4,R,DET,Parker Messick,CLE,L,CLE@DET,12:10 PM CT,official,0.3888888888888889,vs_lhp,30.0,60.0,0.4,0.283,82.9888888888889,81.57444444444445,False,36.304370515329424,1
Andrew Pinckney,687605,6,R,WSH,Kevin Gausman,CHC,R,CHC@WSH,3:05 PM CT,prior:2026-08-12,0.3333333333333333,recent,20.0,60.0,0.443,0.334,72.08333333333333,72.08333333333333,True,10.763728298193955,2
Andrés Chaparro,665953,2,R,WSH,Kevin Gausman,CHC,R,CHC@WSH,3:05 PM CT,prior:2026-08-12,0.4117647058823529,vs_rhp,12.2,48.6,0.365,0.239,71.9439705882353,65.28823529411765,False,45.40787564766839,3
Angel Genao,694197,7,S,CLE,Keider Montero,DET,R,CLE@DET,12:10 PM CT,official,0.4,vs_rhp,9.1,59.1,0.342,0.265,71.0584375,65.0415625,False,5.966585956416465,4
Shohei Ohtani,660271,1,L,LAD,Shane Drohan,MIL,L,MIL@LAD,9:10 PM CT,prior:2026-08-12,0.30201342281879195,vs_lhp,16.5,52.2,0.408,0.296,66.9188422818792,67.8131711409396,False,21.50659740483418,5
Griffin Conine,665052,4,L,MIA,Braxton Ashcraft,PIT,R,PIT@MIA,12:10 PM CT,official,0.29365079365079366,vs_rhp,18.0,56.0,0.399,0.278,66.73695436507937,68.14316468253969,False,25.848803226599415,6
Willson Contreras,575929,4,R,BOS,Max Scherzer,TOR,R,BOS@TOR,2:07 PM CT,prior:2026-08-12,0.28113879003558717,vs_rhp,14.6,45.7,0.388,0.264,61.024816503558725,61.69100200177936,False,32.9584975601864,7
Jake Bauers,641343,4,L,MIL,Roki Sasaki,LAD,R,MIL@LAD,9:10 PM CT,prior:2026-08-12,0.2727272727272727,vs_rhp,14.0,53.1,0.367,0.256,60.29866477272728,61.297926136363635,False,23.63179538902838,8
Luis García Jr.,671277,4,L,NYY,Logan Gilbert,SEA,R,SEA@NYY,12:35 PM CT,official,0.29411764705882354,vs_rhp,12.1,46.0,0.352,0.287,60.29113970588235,59.626507352941175,False,14.379107498438817,9
Bryce Harper,547180,3,L,PHI,Taj Bradley,MIN,R,PHI@MIN,6:30 PM CT,prior:2026-08-12,0.2851851851851852,vs_rhp,11.4,45.1,0.391,0.273,60.11820601851852,60.24707175925926,False,17.616752829518784,10
Ben Rice,700250,2,L,NYY,Logan Gilbert,SEA,R,SEA@NYY,12:35 PM CT,official,0.26199261992619927,vs_rhp,15.4,48.5,0.373,0.264,59.43707449261993,61.08431849630997,False,24.199820639721025,11
Pete Crow-Armstrong,691718,1,L,CHC,Cade Cavalli,WSH,R,CHC@WSH,3:05 PM CT,prior:2026-08-12,0.2733118971061093,vs_rhp,12.3,48.6,0.364,0.255,58.50618971061093,58.930594855305465,False,25.099350069277904,12
Miguel Vargas,678246,3,R,CWS,Andrew Abbott,CIN,L,CIN@CWS,12:10 PM CT,official,0.26119402985074625,vs_lhp,14.1,46.0,0.381,0.261,58.48940298507463,59.95720149253732,False,14.970400144288993,13
Miguel Rojas,500743,9,R,LAD,Shane Drohan,MIL,L,MIL@LAD,9:10 PM CT,prior:2026-08-12,0.330188679245283,vs_lhp,5.8,37.4,0.325,0.292,58.201367924528306,53.994433962264154,False,16.36443710309857,14
CJ Abrams,682928,4,L,WSH,Kevin Gausman,CHC,R,CHC@WSH,3:05 PM CT,prior:2026-08-12,0.2976588628762542,vs_rhp,10.4,42.4,0.346,0.26,58.199636287625424,56.55419314381271,False,19.520854274225165,15
Randal Grichuk,545341,2,R,CWS,Andrew Abbott,CIN,L,CIN@CWS,12:10 PM CT,official,0.28695652173913044,vs_lhp,10.4,47.0,0.332,0.276,57.86627717391305,56.947201086956525,False,29.779048978188484,16
Esmerlyn Valdez,699013,5,R,PIT,Tyler Phillips,MIA,R,PIT@MIA,12:10 PM CT,official,0.23214285714285715,vs_rhp,22.7,48.5,0.352,0.207,57.68709821428572,60.919330357142854,False,39.63557520618995,17
Dominic Canzone,686527,3,L,SEA,Max Fried,NYY,L,SEA@NYY,12:35 PM CT,official,0.26,vs_lhp,13.5,45.7,0.363,0.273,57.590937499999995,58.84656249999999,False,22.765101147342996,18
Max Clark,703601,7,L,DET,Parker Messick,CLE,L,CLE@DET,12:10 PM CT,official,0.36363636363636365,vs_lhp,3.2,32.3,0.305,0.253,57.50332386363636,50.26463068181818,False,23.252681992337166,19
Freddie Freeman,518692,3,L,LAD,Shane Drohan,MIL,L,MIL@LAD,9:10 PM CT,prior:2026-08-12,0.272108843537415,vs_lhp,9.0,42.8,0.377,0.3,57.3090093537415,57.674817176870754,False,23.081317202123298,20
Joc Pederson,592626,1,L,TEX,Walbert Ureña,LAA,R,TEX@LAA,9:07 PM CT,prior:2026-08-12,0.26223776223776224,vs_rhp,11.5,50.4,0.358,0.257,57.17440122377623,58.06626311188812,False,19.747142972223315,21
Jackson Chourio,694192,1,R,MIL,Roki Sasaki,LAD,R,MIL@LAD,9:10 PM CT,prior:2026-08-12,0.2641509433962264,vs_rhp,13.7,47.7,0.34,0.256,57.136656839622646,57.78098466981132,False,29.668058625144845,22
Elly De La Cruz,682829,1,S,CIN,Davis Martin,CWS,R,CIN@CWS,12:10 PM CT,official,0.24390243902439024,vs_rhp,13.6,51.3,0.362,0.271,57.04118140243903,59.394184451219516,False,25.010984961233717,23
Nathaniel Lowe,663993,4,L,CLE,Keider Montero,DET,R,CLE@DET,12:10 PM CT,official,0.2875,vs_rhp,9.3,43.0,0.346,0.27,57.022499999999994,55.8675,False,22.85296321918598,24
George Lombard Jr.,806146,5,R,NYY,Logan Gilbert,SEA,R,SEA@NYY,12:35 PM CT,official,0.2727272727272727,vs_rhp,11.1,38.9,0.373,0.314,56.93181818181818,56.93181818181818,True,28.975903614457835,25
Brandon Nimmo,607043,2,L,TEX,Walbert Ureña,LAA,R,TEX@LAA,9:07 PM CT,prior:2026-08-12,0.24610591900311526,vs_rhp,11.0,51.5,0.37,0.291,56.87465440031153,59.10123345015576,False,25.579390195693627,26
Kyle Schwarber,656941,1,L,PHI,Taj Bradley,MIN,R,PHI@MIN,6:30 PM CT,prior:2026-08-12,0.22676579925650558,vs_rhp,17.3,52.0,0.37,0.239,56.77095492565056,60.33891496282528,False,35.25399179228967,27
Mike Trout,545361,2,R,LAA,Jacob deGrom,TEX,R,TEX@LAA,9:07 PM CT,prior:2026-08-12,0.22304832713754646,vs_rhp,16.7,47.6,0.39,0.256,56.481707713754645,60.400541356877326,False,36.50110699934378,28
Tyler Stephenson,663886,4,R,CIN,Davis Martin,CWS,R,CIN@CWS,12:10 PM CT,official,0.26406926406926406,vs_rhp,12.2,46.3,0.349,0.254,56.44661390692641,56.93627570346321,False,24.66470709018516,29
Brice Turang,668930,2,L,MIL,Roki Sasaki,LAD,R,MIL@LAD,9:10 PM CT,prior:2026-08-12,0.290519877675841,vs_rhp,8.0,42.8,0.344,0.257,56.253237767584096,54.59474388379205,False,27.628083500643353,30
Brandon Lowe,664040,2,L,PIT,Tyler Phillips,MIA,R,PIT@MIA,12:10 PM CT,official,0.2733118971061093,vs_rhp,12.3,45.2,0.329,0.242,56.089939710610935,55.624344855305466,False,24.880407120626323,31
Spencer Torkelson,679529,5,R,DET,Parker Messick,CLE,L,CLE@DET,12:10 PM CT,official,0.2818181818181818,vs_lhp,12.9,41.7,0.32,0.223,55.699630681818185,54.3580965909091,False,28.14886657933768,32
Brandon Marsh,669016,6,L,PHI,Taj Bradley,MIN,R,PHI@MIN,6:30 PM CT,prior:2026-08-12,0.2875,vs_rhp,8.3,45.4,0.311,0.262,55.391875,53.585625,False,18.13181609369002,33
Otto Lopez,672640,3,R,MIA,Braxton Ashcraft,PIT,R,PIT@MIA,12:10 PM CT,official,0.296398891966759,vs_rhp,6.0,41.3,0.323,0.282,55.355201696675906,52.952132098337955,False,12.851282243507125,34
Nick Gonzales,693304,4,R,PIT,Tyler Phillips,MIA,R,PIT@MIA,12:10 PM CT,official,0.32131147540983607,vs_rhp,2.8,35.1,0.321,0.282,55.004585040983606,50.5346362704918,False,24.33415647357489,35
Andy Pages,681624,2,R,LAD,Shane Drohan,MIL,L,MIL@LAD,9:10 PM CT,prior:2026-08-12,0.27906976744186046,vs_lhp,7.7,42.6,0.337,0.268,54.915101744186046,53.77286337209303,False,16.002195003238285,36
Bryan Reynolds,668804,3,S,PIT,Tyler Phillips,MIA,R,PIT@MIA,12:10 PM CT,official,0.2533783783783784,vs_rhp,10.9,46.3,0.349,0.245,54.52690033783784,55.282356418918916,False,26.60329966731414,37
Vladimir Guerrero Jr.,665489,3,R,TOR,Payton Tolle,BOS,L,BOS@TOR,2:07 PM CT,official,0.2755102040816326,vs_lhp,6.9,43.1,0.334,0.282,54.500707908163264,53.54582270408163,False,16.218811212428232,38
Dillon Dingler,693307,2,R,DET,Parker Messick,CLE,L,CLE@DET,12:10 PM CT,official,0.24031007751937986,vs_lhp,11.1,43.8,0.368,0.281,54.496007751937995,56.460503875968996,False,22.12444262799231,39
Chase Meidroth,805367,1,R,CWS,Andrew Abbott,CIN,L,CIN@CWS,12:10 PM CT,official,0.3305084745762712,vs_lhp,4.7,34.6,0.295,0.234,54.48397245762712,48.88479872881356,False,22.448773543583002,40
Max Muncy,571970,6,L,LAD,Shane Drohan,MIL,L,MIL@LAD,9:10 PM CT,prior:2026-08-12,0.25,vs_lhp,13.1,44.6,0.343,0.237,54.469375,55.423125,False,27.745332841273623,41
Randy Arozarena,668227,1,R,SEA,Max Fried,NYY,L,SEA@NYY,12:35 PM CT,official,0.26605504587155965,vs_lhp,7.8,42.8,0.35,0.266,54.17925458715597,53.90400229357798,False,14.288583048074683,42
Trevor Larnach,663616,1,L,MIN,Aaron Nola,PHI,R,PHI@MIN,6:30 PM CT,prior:2026-08-12,0.2867383512544803,vs_rhp,7.5,36.1,0.33,0.257,53.746647625448034,51.60410506272402,False,15.548015227415457,43
Sal Stewart,701398,2,R,CIN,Davis Martin,CWS,R,CIN@CWS,12:10 PM CT,official,0.2478386167146974,vs_rhp,13.3,39.3,0.344,0.248,53.621674171469735,54.53911833573487,False,18.25870174850963,44
Josh Naylor,647304,5,L,SEA,Max Fried,NYY,L,SEA@NYY,12:35 PM CT,official,0.29545454545454547,vs_lhp,4.8,36.6,0.324,0.273,53.57357954545455,50.71460227272728,False,12.699440482461473,45
Jarred Kelenic,672284,5,L,TEX,Walbert Ureña,LAA,R,TEX@LAA,9:07 PM CT,prior:2026-08-12,0.2,vs_rhp,20.5,48.7,0.334,0.233,53.3721875,57.88781250000001,False,26.552696000085238,46
Chase DeLauter,800050,2,L,CLE,Keider Montero,DET,R,CLE@DET,12:10 PM CT,official,0.25190839694656486,vs_rhp,6.7,46.3,0.349,0.277,53.15865219465649,53.73010734732824,False,13.698586176237065,47
William Contreras,661388,5,R,MIL,Roki Sasaki,LAD,R,MIL@LAD,9:10 PM CT,prior:2026-08-12,0.2672955974842767,vs_rhp,7.4,42.3,0.33,0.26,53.049872248427675,52.24446737421384,False,16.26771653081311,48
Seiya Suzuki,673548,2,R,CHC,Cade Cavalli,WSH,R,CHC@WSH,3:05 PM CT,prior:2026-08-12,0.25773195876288657,vs_rhp,10.3,39.1,0.337,0.251,52.918508376288656,52.833785438144325,False,28.201148021494866,49
Teoscar Hernández,606192,7,R,LAD,Shane Drohan,MIL,L,MIL@LAD,9:10 PM CT,prior:2026-08-12,0.2682926829268293,vs_lhp,8.9,42.3,0.314,0.242,52.77145579268293,51.68244664634147,False,18.74387607231868,50
Colson Montgomery,695657,6,L,CWS,Andrew Abbott,CIN,L,CIN@CWS,12:10 PM CT,official,0.26119402985074625,vs_lhp,12.6,41.4,0.307,0.21,52.58065298507463,51.870951492537316,False,39.481690140845075,51
Wilyer Abreu,677800,5,L,BOS,Max Scherzer,TOR,R,BOS@TOR,2:07 PM CT,prior:2026-08-12,0.22508038585209003,vs_rhp,12.9,43.6,0.352,0.258,52.574913585209,55.0471442926045,False,26.03872413162796,52
Julio Rodríguez,677594,2,R,SEA,Max Fried,NYY,L,SEA@NYY,12:35 PM CT,official,0.23931623931623933,vs_lhp,9.0,43.1,0.353,0.278,52.56381143162393,53.976124465811964,False,18.672475805874825,53
Adley Rutschman,668939,3,S,BOS,Max Scherzer,TOR,R,BOS@TOR,2:07 PM CT,prior:2026-08-12,0.25308641975308643,vs_rhp,6.9,41.2,0.346,0.27,52.07176697530865,52.206195987654326,False,16.483957626087463,54
Wade Meckler,685133,1,L,LAA,Jacob deGrom,TEX,R,TEX@LAA,9:07 PM CT,prior:2026-08-12,0.310126582278481,vs_rhp,3.6,29.5,0.307,0.256,51.9498457278481,47.34664161392405,False,21.181780538302277,55
Royce Lewis,668904,2,R,MIN,Aaron Nola,PHI,R,PHI@MIN,6:30 PM CT,prior:2026-08-12,0.24034334763948498,vs_rhp,12.1,43.3,0.32,0.24,51.9071472639485,52.78935488197425,False,22.60358660626722,56
Pedro Ramírez,699393,8,S,CHC,Cade Cavalli,WSH,R,CHC@WSH,3:05 PM CT,prior:2026-08-12,0.2903225806451613,vs_rhp,2.1,42.1,0.302,0.27,51.875070564516136,48.82331653225807,False,20.1972101972102,57
Josh Bell,605137,3,S,MIN,Aaron Nola,PHI,R,PHI@MIN,6:30 PM CT,prior:2026-08-12,0.24567474048442905,vs_rhp,10.2,42.2,0.326,0.248,51.753099048442905,52.22311202422146,False,18.95890694527178,58
Nolan Schanuel,694384,3,L,LAA,Jacob deGrom,TEX,R,TEX@LAA,9:07 PM CT,prior:2026-08-12,0.28888888888888886,vs_rhp,2.5,33.0,0.331,0.28,51.560763888888886,48.69506944444444,False,12.099719887955183,59
Andrew Vaughn,683734,3,R,MIL,Roki Sasaki,LAD,R,MIL@LAD,9:10 PM CT,prior:2026-08-12,0.25735294117647056,vs_rhp,5.7,41.4,0.337,0.266,51.49466911764706,51.07577205882353,False,19.050784272350008,60
Corey Seager,608369,3,L,TEX,Walbert Ureña,LAA,R,TEX@LAA,9:07 PM CT,prior:2026-08-12,0.20958083832335328,vs_rhp,15.2,46.3,0.338,0.233,51.46964633233533,54.70747941616767,False,23.41449386545699,61
Spencer Jones,682987,3,L,NYY,Logan Gilbert,SEA,R,SEA@NYY,12:35 PM CT,official,0.1919191919191919,vs_rhp,14.7,58.1,0.332,0.226,51.367231691919194,55.915647095959606,False,33.931125055885545,62
Bryson Stott,681082,5,L,PHI,Taj Bradley,MIN,R,PHI@MIN,6:30 PM CT,prior:2026-08-12,0.25236593059936907,vs_rhp,6.4,40.5,0.335,0.274,51.2744055599369,51.19798402996845,False,17.207358915686594,63
Kody Clemens,665019,4,L,MIN,Aaron Nola,PHI,R,PHI@MIN,6:30 PM CT,prior:2026-08-12,0.2305084745762712,vs_rhp,11.4,45.8,0.321,0.244,51.21959745762712,52.69417372881356,False,18.157171219476727,64
Kyle Tucker,663656,4,L,LAD,Shane Drohan,MIL,L,MIL@LAD,9:10 PM CT,prior:2026-08-12,0.2605042016806723,vs_lhp,6.3,37.8,0.335,0.261,51.183545168067226,50.40458508403361,False,12.588954977456979,65
JJ Bleday,668709,3,L,CIN,Davis Martin,CWS,R,CIN@CWS,12:10 PM CT,official,0.22784810126582278,vs_rhp,10.4,40.8,0.356,0.246,50.959810126582276,52.737405063291135,False,18.94175196201964,66
Owen Caissie,683357,7,L,MIA,Braxton Ashcraft,PIT,R,PIT@MIA,12:10 PM CT,official,0.22857142857142856,vs_rhp,14.5,45.5,0.302,0.212,50.886830357142856,52.238883928571425,False,43.8042778409588,67
Andruw Monasterio,655316,8,R,BOS,Max Scherzer,TOR,R,BOS@TOR,2:07 PM CT,prior:2026-08-12,0.2620689655172414,vs_rhp,8.3,35.4,0.316,0.252,50.83314655172414,49.717198275862074,False,23.369879992130635,68
Spencer Horwitz,687462,1,L,PIT,Tyler Phillips,MIA,R,PIT@MIA,12:10 PM CT,official,0.27074235807860264,vs_rhp,7.7,32.5,0.326,0.227,50.62204830786027,48.73930540393013,False,16.20211101653505,69
Hao-Yu Lee,701678,6,R,DET,Parker Messick,CLE,L,CLE@DET,12:10 PM CT,official,0.26136363636363635,vs_lhp,8.7,40.0,0.293,0.239,50.60136363636364,49.33068181818182,False,17.711334653223624,70
Ceddanne Rafaela,678882,2,R,BOS,Max Scherzer,TOR,R,BOS@TOR,2:07 PM CT,prior:2026-08-12,0.29003021148036257,vs_rhp,5.5,32.6,0.288,0.251,50.56802114803626,47.04651057401813,False,17.648438298652845,71
Kevin McGonigle,805808,3,L,DET,Parker Messick,CLE,L,CLE@DET,12:10 PM CT,official,0.24806201550387597,vs_lhp,6.7,36.4,0.351,0.261,50.506201550387594,50.5856007751938,False,13.025585355470414,72
Michael Busch,683737,5,L,CHC,Cade Cavalli,WSH,R,CHC@WSH,3:05 PM CT,prior:2026-08-12,0.24458204334365324,vs_rhp,9.1,39.2,0.333,0.235,50.483204334365325,50.67160216718266,False,18.503373634562806,73
Ryan McMahon,641857,8,L,NYY,Logan Gilbert,SEA,R,SEA@NYY,12:35 PM CT,official,0.2300469483568075,vs_rhp,10.1,48.3,0.307,0.238,50.32125733568075,51.49328491784038,False,25.40575804629603,74
Esteury Ruiz,665923,9,R,MIA,Braxton Ashcraft,PIT,R,PIT@MIA,12:10 PM CT,official,0.2727272727272727,vs_rhp,9.5,29.8,0.316,0.204,50.17397727272727,47.89511363636364,False,22.776166635785664,75
Xavier Edwards,669364,2,S,MIA,Braxton Ashcraft,PIT,R,PIT@MIA,12:10 PM CT,official,0.2869822485207101,vs_rhp,3.7,28.9,0.317,0.264,50.17166235207101,46.948174926035506,False,11.60024679875873,76
Trea Turner,607208,2,R,PHI,Taj Bradley,MIN,R,PHI@MIN,6:30 PM CT,prior:2026-08-12,0.2619047619047619,vs_rhp,6.4,39.9,0.299,0.25,50.04766369047619,48.635550595238094,False,24.968477951635844,77
Luis Arraez,650333,4,L,PHI,Taj Bradley,MIN,R,PHI@MIN,6:30 PM CT,prior:2026-08-12,0.3169230769230769,vs_rhp,0.9,20.1,0.302,0.283,49.95137019230769,44.29709134615385,False,3.7250776251638666,78
Ezequiel Duran,677649,4,R,TEX,Walbert Ureña,LAA,R,TEX@LAA,9:07 PM CT,prior:2026-08-12,0.2682119205298013,vs_rhp,6.2,36.1,0.302,0.247,49.88087955298013,47.930908526490065,False,16.467693718639495,79
Moisés Ballesteros,694208,5,L,LAA,Jacob deGrom,TEX,R,TEX@LAA,9:07 PM CT,prior:2026-08-12,0.2275449101796407,vs_rhp,9.0,47.6,0.315,0.244,49.87886601796407,51.17537050898204,False,23.752600374453927,80
Daylen Lile,695734,8,L,WSH,Kevin Gausman,CHC,R,CHC@WSH,3:05 PM CT,prior:2026-08-12,0.25,vs_rhp,8.4,37.1,0.313,0.251,49.8621875,49.4003125,False,22.6275295471724,81
Masataka Yoshida,807799,1,L,BOS,Max Scherzer,TOR,R,BOS@TOR,2:07 PM CT,prior:2026-08-12,0.2610619469026549,vs_rhp,3.6,38.8,0.321,0.263,49.61806969026549,48.28872234513275,False,13.942471410516522,82
Trent Grisham,663757,1,L,NYY,Logan Gilbert,SEA,R,SEA@NYY,12:35 PM CT,official,0.21052631578947367,vs_rhp,10.2,45.6,0.341,0.248,49.51700657894737,52.17944078947369,False,17.53059822154179,83
Ben Malgeri,701162,9,R,DET,Parker Messick,CLE,L,CLE@DET,12:10 PM CT,official,0.27586206896551724,vs_lhp,2.9,40.0,0.303,0.223,49.26620689655172,46.47560344827586,False,26.531636371619246,84
Jhonny Pereda,640902,8,R,SEA,Max Fried,NYY,L,SEA@NYY,12:35 PM CT,official,0.23076923076923078,vs_lhp,3.7,46.3,0.329,0.296,49.263485576923074,50.34439903846154,False,21.492543859649125,85
Javier Báez,595879,8,R,DET,Parker Messick,CLE,L,CLE@DET,12:10 PM CT,official,0.3,vs_lhp,2.0,30.6,0.276,0.258,49.174375,44.435625,False,13.149843656938655,86
Brandon Lockridge,663604,7,R,MIL,Roki Sasaki,LAD,R,MIL@LAD,9:10 PM CT,prior:2026-08-12,0.3090909090909091,vs_rhp,1.5,33.8,0.264,0.225,49.160340909090905,43.553295454545456,False,31.437715411127527,87
Austin Hedges,595978,8,R,CLE,Keider Montero,DET,R,CLE@DET,12:10 PM CT,official,0.2804878048780488,vs_rhp,4.5,32.8,0.293,0.241,49.12503048780488,45.93564024390244,False,22.111246819338422,88
Victor Caratini,605170,7,S,MIN,Aaron Nola,PHI,R,PHI@MIN,6:30 PM CT,prior:2026-08-12,0.24338624338624337,vs_rhp,6.8,40.0,0.322,0.239,49.06737433862434,48.90556216931217,False,11.612496911122701,89
Kazuma Okamoto,672960,5,R,TOR,Payton Tolle,BOS,L,BOS@TOR,2:07 PM CT,official,0.2222222222222222,vs_lhp,12.3,44.0,0.306,0.21,49.01034722222222,50.337986111111114,False,25.894863528906086,90
Jake Burger,669394,6,R,TEX,Walbert Ureña,LAA,R,TEX@LAA,9:07 PM CT,prior:2026-08-12,0.22356495468277945,vs_rhp,10.6,46.5,0.297,0.228,48.90305796827794,50.104185234138974,False,28.009217830853608,91
Vaughn Grissom,687093,6,R,LAA,Jacob deGrom,TEX,R,TEX@LAA,9:07 PM CT,prior:2026-08-12,0.2413793103448276,vs_rhp,6.7,38.7,0.318,0.255,48.80011853448276,48.74677801724138,False,24.23942463106954,92
Ryan Kreidler,668952,9,R,MIN,Aaron Nola,PHI,R,PHI@MIN,6:30 PM CT,prior:2026-08-12,0.2605042016806723,vs_rhp,7.7,36.1,0.289,0.226,48.77885766806723,46.99927258403361,False,20.27707163803938,93
Travis Bazzana,683953,6,L,CLE,Keider Montero,DET,R,CLE@DET,12:10 PM CT,official,0.2648401826484018,vs_rhp,4.5,37.3,0.304,0.226,48.518080764840185,46.39294663242009,False,21.24547902998267,94
Jake Mangum,663968,7,S,PIT,Tyler Phillips,MIA,R,PIT@MIA,12:10 PM CT,official,0.29338842975206614,vs_rhp,1.9,27.9,0.288,0.253,48.296030475206614,43.867233987603306,False,15.292538076835646,95
Alex Bregman,608324,3,R,CHC,Cade Cavalli,WSH,R,CHC@WSH,3:05 PM CT,prior:2026-08-12,0.25139664804469275,vs_rhp,4.6,38.1,0.314,0.244,48.23560230446928,47.18389490223464,False,14.107013304587129,96
Jo Adell,666176,5,R,CLE,Keider Montero,DET,R,CLE@DET,12:10 PM CT,official,0.2080745341614907,vs_rhp,9.2,44.2,0.329,0.256,48.22745341614907,50.68122670807453,False,20.631237179686313,97
Leo Jiménez,677870,6,R,MIA,Braxton Ashcraft,PIT,R,PIT@MIA,12:10 PM CT,official,0.23943661971830985,vs_rhp,4.5,42.7,0.32,0.246,48.19084947183099,48.09964348591549,False,14.423303508383658,98
Sam Antonacci,803011,8,L,CWS,Andrew Abbott,CIN,L,CIN@CWS,12:10 PM CT,official,0.2222222222222222,vs_lhp,5.9,35.4,0.35,0.283,47.849722222222226,49.258611111111115,False,22.095035541225947,99
George Springer,543807,4,R,TOR,Payton Tolle,BOS,L,BOS@TOR,2:07 PM CT,official,0.23958333333333334,vs_lhp,7.0,38.6,0.307,0.231,47.69833333333334,47.351666666666674,False,11.631072008870737,100
Dane Myers,667472,6,R,CIN,Davis Martin,CWS,R,CIN@CWS,12:10 PM CT,official,0.2524271844660194,vs_rhp,4.8,35.7,0.314,0.229,47.58740594660194,46.22667172330097,False,27.12429722272242,101
José Ramírez,608070,3,S,CLE,Keider Montero,DET,R,CLE@DET,12:10 PM CT,official,0.20689655172413793,vs_rhp,5.3,41.8,0.352,0.282,47.344655172413795,49.81982758620689,False,14.426124362474885,102
Alec Bohm,664761,8,R,PHI,Taj Bradley,MIN,R,PHI@MIN,6:30 PM CT,prior:2026-08-12,0.23,vs_rhp,5.2,41.6,0.311,0.254,47.201875,47.550625000000004,False,15.657201853015806,103
Nick Sogard,686765,9,S,BOS,Max Scherzer,TOR,R,BOS@TOR,2:07 PM CT,prior:2026-08-12,0.27419354838709675,vs_rhp,1.4,24.3,0.325,0.263,47.18029233870968,44.14123991935484,False,14.236476383656909,104
Charles McAdoo,807727,1,R,TOR,Payton Tolle,BOS,L,BOS@TOR,2:07 PM CT,official,0.26666666666666666,vs_lhp,7.7,23.1,0.285,0.245,47.14822916666667,44.45427083333333,False,17.180939716312057,105
Justin Crawford,702222,9,L,PHI,Taj Bradley,MIN,R,PHI@MIN,6:30 PM CT,prior:2026-08-12,0.2704626334519573,vs_rhp,1.5,34.7,0.284,0.259,47.13720084519573,44.177194172597865,False,13.667844313740968,106
Alan Roden,702176,8,L,MIN,Aaron Nola,PHI,R,PHI@MIN,6:30 PM CT,prior:2026-08-12,0.20833333333333334,vs_rhp,6.3,41.7,0.338,0.269,47.05614583333333,49.233854166666674,False,13.369418898285176,107
Brady House,691781,3,R,WSH,Kevin Gausman,CHC,R,CHC@WSH,3:05 PM CT,prior:2026-08-12,0.17142857142857143,vs_rhp,11.6,46.3,0.334,0.267,46.60941964285714,51.53486607142857,False,39.312465795945656,108
Mookie Betts,605141,5,R,LAD,Shane Drohan,MIL,L,MIL@LAD,9:10 PM CT,prior:2026-08-12,0.20192307692307693,vs_lhp,7.7,38.8,0.334,0.279,46.60543269230769,49.168028846153845,False,9.182283700704755,109
Zach Neto,687263,4,R,LAA,Jacob deGrom,TEX,R,TEX@LAA,9:07 PM CT,prior:2026-08-12,0.2144927536231884,vs_rhp,11.6,40.0,0.297,0.198,46.44740036231884,47.574012681159424,False,31.840824855196427,110
Nico Hoerner,663538,6,R,CHC,Cade Cavalli,WSH,R,CHC@WSH,3:05 PM CT,prior:2026-08-12,0.25,vs_rhp,1.2,28.6,0.325,0.298,46.386250000000004,45.12125,False,6.489170864006199,111
Luke Keaschall,807712,6,R,MIN,Aaron Nola,PHI,R,PHI@MIN,6:30 PM CT,prior:2026-08-12,0.2625482625482625,vs_rhp,3.1,28.6,0.308,0.238,46.364826254826255,43.857413127413125,False,12.114638394873229,112
Brayan Rocchio,677587,9,S,CLE,Keider Montero,DET,R,CLE@DET,12:10 PM CT,official,0.26148409893992935,vs_rhp,3.4,30.5,0.294,0.244,46.358097393992935,43.88451744699647,False,13.504280647130765,113
Denzer Guzman,694203,9,R,LAA,Jacob deGrom,TEX,R,TEX@LAA,9:07 PM CT,prior:2026-08-12,0.2564102564102564,vs_rhp,5.1,33.3,0.276,0.232,46.18883814102564,43.94770032051282,False,19.634701172201115,114
Jacob Gonzalez,694378,6,L,PIT,Tyler Phillips,MIA,R,PIT@MIA,12:10 PM CT,official,0.23809523809523808,vs_rhp,3.4,37.9,0.303,0.254,46.09171130952381,45.45007440476191,False,21.68487408865809,115
Jazz Chisholm Jr.,665862,6,L,NYY,Logan Gilbert,SEA,R,SEA@NYY,12:35 PM CT,official,0.21923076923076923,vs_rhp,8.9,42.4,0.289,0.209,46.04432692307692,46.67778846153846,False,28.052293503172525,116
J.T. Realmuto,592663,7,R,PHI,Taj Bradley,MIN,R,PHI@MIN,6:30 PM CT,prior:2026-08-12,0.21739130434782608,vs_rhp,4.7,40.9,0.32,0.257,46.00319293478261,47.05050271739131,False,17.730662476429917,117
Joey Ortiz,687401,9,R,MIL,Roki Sasaki,LAD,R,MIL@LAD,9:10 PM CT,prior:2026-08-12,0.24404761904761904,vs_rhp,4.3,34.6,0.299,0.241,45.9828869047619,44.78675595238095,False,22.616668775251682,118
Brooks Lee,686797,5,S,MIN,Aaron Nola,PHI,R,PHI@MIN,6:30 PM CT,prior:2026-08-12,0.2668918918918919,vs_rhp,3.7,31.7,0.272,0.224,45.88575168918919,42.6930320945946,False,12.767662262045247,119
Jacob Young,696285,7,R,WSH,Kevin Gausman,CHC,R,CHC@WSH,3:05 PM CT,prior:2026-08-12,0.21962616822429906,vs_rhp,6.3,32.8,0.32,0.262,45.526991822429906,46.276933411214955,False,19.43668646531025,120
Carson Kelly,608348,4,R,CHC,Cade Cavalli,WSH,R,CHC@WSH,3:05 PM CT,prior:2026-08-12,0.22340425531914893,vs_rhp,5.7,35.7,0.314,0.24,45.3932380319149,45.71740026595745,False,18.44611442919352,121
Steven Kwan,680757,1,L,CLE,Keider Montero,DET,R,CLE@DET,12:10 PM CT,official,0.2867647058823529,vs_rhp,0.3,9.0,0.326,0.275,45.23647058823529,40.69323529411765,False,7.0229911988382625,122
Gary Sánchez,596142,6,R,MIL,Roki Sasaki,LAD,R,MIL@LAD,9:10 PM CT,prior:2026-08-12,0.17894736842105263,vs_rhp,9.4,37.8,0.367,0.232,45.09473684210526,49.04986842105263,False,26.986242230927864,123
Dansby Swanson,621020,9,R,CHC,Cade Cavalli,WSH,R,CHC@WSH,3:05 PM CT,prior:2026-08-12,0.2049469964664311,vs_rhp,7.7,41.3,0.305,0.223,44.82188714664311,46.342662323321555,False,16.173126504335915,124
Jarren Duran,680776,7,L,BOS,Max Scherzer,TOR,R,BOS@TOR,2:07 PM CT,prior:2026-08-12,0.2,vs_rhp,9.7,39.3,0.297,0.233,44.8209375,46.7215625,False,30.429702348443154,125
Javier Sanoja,691594,8,R,MIA,Braxton Ashcraft,PIT,R,PIT@MIA,12:10 PM CT,official,0.25120772946859904,vs_rhp,2.1,30.7,0.28,0.259,44.5504604468599,42.345698973429954,False,8.391911782787245,126
Dylan Crews,686611,1,R,WSH,Kevin Gausman,CHC,R,CHC@WSH,3:05 PM CT,prior:2026-08-12,0.17341040462427745,vs_rhp,10.4,44.0,0.32,0.236,44.43354046242774,48.42802023121388,False,29.05024259189051,127
Josh Lowe,666139,7,L,LAA,Jacob deGrom,TEX,R,TEX@LAA,9:07 PM CT,prior:2026-08-12,0.20670391061452514,vs_rhp,8.8,38.5,0.293,0.22,44.41320356145252,45.61488303072626,False,31.76836755233494,128
Eugenio Suárez,553993,5,R,CIN,Davis Martin,CWS,R,CIN@CWS,12:10 PM CT,official,0.20901639344262296,vs_rhp,12.3,35.3,0.274,0.19,44.1769518442623,44.95550717213115,False,36.37012183845002,129
Tyrone Taylor,621438,7,R,CHC,Cade Cavalli,WSH,R,CHC@WSH,3:05 PM CT,prior:2026-08-12,0.1875,vs_rhp,10.9,34.9,0.314,0.24,44.1478125,46.93718750000001,False,22.51421214553237,130
Brandon Valenzuela,678218,7,S,TOR,Payton Tolle,BOS,L,BOS@TOR,2:07 PM CT,official,0.19607843137254902,vs_lhp,8.0,37.2,0.313,0.242,44.07221813725491,46.167046568627455,False,26.564958806069516,131
Matt McLain,680574,8,R,CIN,Davis Martin,CWS,R,CIN@CWS,12:10 PM CT,official,0.18803418803418803,vs_rhp,9.9,36.3,0.32,0.229,43.9643563034188,46.6557719017094,False,25.674253218347708,132
Hunter Feduccia,676439,8,L,LAD,Shane Drohan,MIL,L,MIL@LAD,9:10 PM CT,prior:2026-08-12,0.17857142857142858,vs_lhp,9.6,40.4,0.315,0.245,43.87776785714286,47.31044642857143,False,16.732628603414497,133
Oswald Peraza,672724,8,R,LAA,Jacob deGrom,TEX,R,TEX@LAA,9:07 PM CT,prior:2026-08-12,0.21693121693121692,vs_rhp,6.9,38.1,0.272,0.226,43.73968419312169,43.864998346560846,False,27.09518283063549,134
Elias Díaz,553869,8,R,TEX,Walbert Ureña,LAA,R,TEX@LAA,9:07 PM CT,prior:2026-08-12,0.22727272727272727,vs_rhp,6.1,36.8,0.261,0.228,43.73602272727273,43.00238636363637,False,23.17784376737312,135
Luisangel Acuña,682668,9,R,CWS,Andrew Abbott,CIN,L,CIN@CWS,12:10 PM CT,official,0.23170731707317074,vs_lhp,3.4,37.2,0.264,0.246,43.530731707317074,42.455365853658535,False,11.808334175679775,136
José Caballero,676609,7,R,NYY,Logan Gilbert,SEA,R,SEA@NYY,12:35 PM CT,official,0.24880382775119617,vs_rhp,4.1,24.9,0.278,0.23,43.324445275119615,40.86612888755981,False,26.5936469688277,137
Agustín Ramírez,682663,5,R,MIA,Braxton Ashcraft,PIT,R,PIT@MIA,12:10 PM CT,official,0.21978021978021978,vs_rhp,4.3,39.4,0.28,0.224,43.30427197802199,43.112760989010994,False,26.988077217393627,138
Jared Triolo,669707,8,R,PIT,Tyler Phillips,MIA,R,PIT@MIA,12:10 PM CT,official,0.2251655629139073,vs_rhp,2.2,36.1,0.288,0.244,43.00749379139073,42.40234064569536,False,26.881260237348517,139
Ernie Clement,676391,2,R,TOR,Payton Tolle,BOS,L,BOS@TOR,2:07 PM CT,official,0.2589928057553957,vs_lhp,2.4,20.7,0.268,0.25,42.79209307553957,39.391827787769785,False,8.194111000210981,140
Brenton Doyle,686668,5,R,CWS,Andrew Abbott,CIN,L,CIN@CWS,12:10 PM CT,official,0.23529411764705882,vs_lhp,5.4,35.5,0.248,0.2,42.71722426470588,40.921893382352934,False,28.068659658344284,141
Caleb Durbin,702332,6,R,BOS,Max Scherzer,TOR,R,BOS@TOR,2:07 PM CT,prior:2026-08-12,0.23826714801444043,vs_rhp,2.8,27.0,0.286,0.235,42.508589801444046,40.69648240072202,False,17.775530121550883,142
Nicky Lopez,670032,9,L,TEX,Walbert Ureña,LAA,R,TEX@LAA,9:07 PM CT,prior:2026-08-12,0.2714285714285714,vs_rhp,0.0,21.7,0.257,0.239,42.35566964285714,37.771116071428565,False,11.84784508740205,143
Jakob Marsee,805300,1,L,MIA,Braxton Ashcraft,PIT,R,PIT@MIA,12:10 PM CT,official,0.21359223300970873,vs_rhp,3.4,33.4,0.302,0.221,41.889848300970876,41.87398665048544,False,23.520183161104278,144
Evan Carter,694497,7,L,TEX,Walbert Ureña,LAA,R,TEX@LAA,9:07 PM CT,prior:2026-08-12,0.2066115702479339,vs_rhp,5.6,36.4,0.289,0.2,41.78803202479339,42.171203512396694,False,22.502884653587294,145
David Hamilton,666152,8,L,MIL,Roki Sasaki,LAD,R,MIL@LAD,9:10 PM CT,prior:2026-08-12,0.23786407766990292,vs_rhp,3.6,26.5,0.264,0.204,41.08609526699029,38.70851638349515,False,25.46606113347112,146
Myles Straw,664702,8,R,TOR,Payton Tolle,BOS,L,BOS@TOR,2:07 PM CT,official,0.2,vs_lhp,3.2,25.8,0.296,0.261,39.694375,40.205625,False,13.034354458088966,147
Brendan Donovan,680977,6,L,SEA,Max Fried,NYY,L,SEA@NYY,12:35 PM CT,official,0.1875,vs_lhp,3.5,29.1,0.313,0.239,39.3790625,40.798437500000006,False,21.447511441647595,148
Braden Montgomery,695731,4,S,CWS,Andrew Abbott,CIN,L,CIN@CWS,12:10 PM CT,official,0.16981132075471697,vs_lhp,3.5,39.7,0.303,0.235,39.19081957547169,41.888378537735846,False,23.210061948563926,149
Nasim Nuñez,683083,9,S,WSH,Kevin Gausman,CHC,R,CHC@WSH,3:05 PM CT,prior:2026-08-12,0.23236514522821577,vs_rhp,0.4,22.3,0.271,0.224,38.953702022821574,36.48856976141079,False,25.119682982224052,150
Andrés Giménez,665926,6,L,TOR,Payton Tolle,BOS,L,BOS@TOR,2:07 PM CT,official,0.21212121212121213,vs_lhp,3.4,24.0,0.27,0.233,38.89212121212121,38.0210606060606,False,14.319391905306139,151
Cal Raleigh,663728,4,S,SEA,Max Fried,NYY,L,SEA@NYY,12:35 PM CT,official,0.14150943396226415,vs_lhp,12.9,34.8,0.295,0.18,38.21969339622642,42.669221698113205,False,34.019603731622325,152
Weston Wilson,642215,7,R,SEA,Max Fried,NYY,L,SEA@NYY,12:35 PM CT,official,0.20967741935483872,vs_lhp,4.8,30.2,0.246,0.173,38.067116935483874,36.86949596774194,False,36.35031466412743,153
Harry Ford,695670,5,R,WSH,Kevin Gausman,CHC,R,CHC@WSH,3:05 PM CT,prior:2026-08-12,0.17647058823529413,vs_rhp,9.4,28.1,0.259,0.158,36.699871323529415,37.73821691176471,False,31.67699481865285,154
Gleyber Torres,650402,1,R,DET,Parker Messick,CLE,L,CLE@DET,12:10 PM CT,official,0.12727272727272726,vs_lhp,7.7,32.4,0.327,0.241,36.64602272727272,42.08738636363636,False,16.01899650735031,155
Ke'Bryan Hayes,663647,9,R,CIN,Davis Martin,CWS,R,CIN@CWS,12:10 PM CT,official,0.12,vs_rhp,7.6,38.6,0.298,0.244,35.988125000000004,41.686875,False,18.169932303037843,156
Ali Sánchez,645305,9,R,NYY,Logan Gilbert,SEA,R,SEA@NYY,12:35 PM CT,official,0.16666666666666666,vs_rhp,2.4,26.2,0.275,0.263,35.251666666666665,37.02083333333333,False,19.069689759036144,157
Edgar Quero,700337,7,S,CWS,Andrew Abbott,CIN,L,CIN@CWS,12:10 PM CT,official,0.14492753623188406,vs_lhp,2.8,37.8,0.277,0.221,34.58525362318841,37.761376811594204,False,23.918531108952752,158
Nathan Lukes,664770,9,L,TOR,Payton Tolle,BOS,L,BOS@TOR,2:07 PM CT,official,0.1276595744680851,vs_lhp,1.2,27.4,0.282,0.251,30.994082446808513,34.60985372340426,False,20.0924200913242,159
Rafael Flores Jr.,804668,9,R,PIT,Tyler Phillips,MIA,R,PIT@MIA,12:10 PM CT,official,0.16666666666666666,vs_rhp,11.1,38.9,0.377,0.245,30.416666666666664,30.416666666666664,True,10.843027022314727,160
Héctor Rodríguez,699302,7,L,CIN,Davis Martin,CWS,R,CIN@CWS,12:10 PM CT,official,0.125,vs_rhp,0.0,33.3,0.24,0.174,20.0,20.0,True,24.77826113810226,161
Leo Rivas,660844,9,S,SEA,Max Fried,NYY,L,SEA@NYY,12:35 PM CT,official,0.058823529411764705,vs_lhp,1.4,15.5,0.239,0.152,17.64204044117647,22.368988970588234,False,28.713544760989215,162
